Workbook

Sheet 0_Scorecard
A2: State E-Waste Management Scorecard
B3: Live score out of 100, calculated from the 7 data sheets. Set benchmarks in the yellow 'Target/Benchmark' cells.
B5: STATE SCORE | D5: =ROUND(H17,1) -> 46.1 | F5: =_xlfn.IFS(H17>=85,"EXCELLENT",H17>=65,"GOOD",H17>=45,"NEEDS IMPROVEMENT",TRUE(),"CRITICAL") -> NEEDS IMPROVEMENT
B9: # | C9: Category | D9: Weight | E9: Benchmark / Target | F9: Achieved Value | G9: Achievement % | H9: Score Earned
B10: 1 | C10: Generation & Inventory | D10: 15 | E10: 5 | F10: =COUNTIF('1_Generation_Inventory'!C6:C25,"?*") -> 0 | G10: =IFERROR(MIN(F10/E10,1),0) -> 0 | H10: =ROUND(G10*D10,1) -> 0
B11: 2 | C11: Collection Performance | D11: 20 | E11: 1 | F11: =IFERROR('2_Collection_Log'!F27/'2_Collection_Log'!C27,0) -> 0.23881245 | G11: =IFERROR(MIN(F11/E11,1),0) -> 0.23881245 | H11: =ROUND(G11*D11,1) -> 4.8
B12: 3 | C12: Formal Recycling & Treatment | D12: 20 | E12: 1 | F12: =IFERROR(('3_Recycling_Infrastructure'!E28*1000)/'2_Collection_Log'!C27,0) -> 8.8341781 | G12: =IFERROR(MIN(F12/E12,1),0) -> 1 | H12: =ROUND(G12*D12,1) -> 20
B13: 4 | C13: Regulatory Compliance | D13: 15 | E13: 1 | F13: =IFERROR('4_Compliance_Tracker'!C28/'4_Compliance_Tracker'!C29,0) -> 0.61904762 | G13: =IFERROR(MIN(F13/E13,1),0) -> 0.61904762 | H13: =ROUND(G13*D13,1) -> 9.3
B14: 5 | C14: Informal Sector Integration | D14: 10 | E14: 1 | F14: =IFERROR('5_Informal_Sector_Hotspots'!C29/'5_Informal_Sector_Hotspots'!C28,0) -> 0 | G14: =IFERROR(MIN(F14/E14,1),0) -> 0 | H14: =ROUND(G14*D14,1) -> 0
B15: 6 | C15: Environmental & Health Safeguards | D15: 10 | E15: 1 | F15: =IFERROR('6_Env_Health_Monitoring'!C28/'5_Informal_Sector_Hotspots'!C28,0) -> 1 | G15: =IFERROR(MIN(F15/E15,1),0) -> 1 | H15: =ROUND(G15*D15,1) -> 10
B16: 7 | C16: Awareness & Outreach | D16: 10 | E16: 20 | F16: ='7_Awareness_Programs'!C28 -> 4 | G16: =IFERROR(MIN(F16/E16,1),0) -> 0.2 | H16: =ROUND(G16*D16,1) -> 2
C17: TOTAL SCORE | D17: =SUM(D10:D16) -> 100 | H17: =SUM(H10:H16) -> 46.1
B19: Score Bands:
B20: 85-100 | C20: Excellent
B21: 65-84 | C21: Good
B22: 45-64 | C22: Needs Improvement
B23: 0-44 | C23: Critical

Sheet Instructions
A2: State E-Waste Management Tracker - Scoring Methodology
B4: A 100-point scorecard for monitoring state-level e-waste generation, collection, formal treatment, compliance, and health/environmental safeguards, in line with the E-Waste (Management) Rules, 2022 (CPCB, India).
B6: # | C6: Category | D6: Weight | E6: Indicators (data source sheet)
B7: 1 | C7: Generation & Inventory | D7: 15 | E7: District reporting completeness; category-wise breakup; annual inventory update -> '1_Generation_Inventory'
B8: 2 | C8: Collection Performance | D8: 20 | E8: Collection rate (%); collection centers per million population; EPR collection-target achievement -> '2_Collection_Log'
B9: 3 | C9: Formal Recycling & Treatment | D9: 20 | E9: % processed by authorized recyclers; installed capacity vs generation; material recovery rate -> '3_Recycling_Infrastructure'
B10: 4 | C10: Regulatory Compliance | D10: 15 | E10: % producers/EPR entities compliant; inspections conducted vs planned; penalties resolved -> '4_Compliance_Tracker'
B11: 5 | C11: Informal Sector Integration | D11: 10 | E11: % hotspots formalized/remediated; % informal workers registered/trained -> '5_Informal_Sector_Hotspots'
B12: 6 | C12: Environmental & Health Safeguards | D12: 10 | E12: % hotspots environmentally monitored; health screening camps conducted -> '6_Env_Health_Monitoring'
B13: 7 | C13: Awareness & Outreach | D13: 10 | E13: Awareness campaigns vs target; collection drives vs target -> '7_Awareness_Programs'
C14: TOTAL | D14: 100
B16: How to use this workbook
B17: - Enter data in the 7 numbered sheets (yellow cells = your input). Each sheet has one grey example row - replace/delete it.
B18: - Set your benchmarks/targets on the '0_Scorecard' sheet (yellow cells) - e.g. collection centers per million population, EPR targets, inspection/campaign targets.
B19: - The '0_Scorecard' sheet pulls live figures from all 7 sheets and computes the state's score out of 100 automatically. Do not overwrite formula cells.
B20: - Score bands (customisable on Scorecard): 85-100 Excellent | 65-84 Good | 45-64 Needs Improvement | Below 45 Critical.
B21: - Re-run this tracker every quarter/year to monitor trend - copy the Scorecard total into a tracking log for year-on-year comparison.

Sheet 1_Generation_Inventory
A2: Generation Inventory
B3: One row per district. Category-wise breakup based on E-Waste (Management) Rules, 2022, Schedule I (simplified).
B5: District | C5: Population | D5: IT & Telecom (kg) | E5: Consumer Electrical & Electronics (kg) | F5: Large & Small Equipment (kg) | G5: Lighting Equipment (kg) | H5: Batteries (kg) | I5: Other (kg) | J5: Total Generated (kg) | K5: Date Last Updated
B6: District A | C6: 2500000 | D6: 180000 | E6: 90000 | F6: 60000 | G6: 15000 | H6: 25000 | I6: 10000 | J6: =SUM(D6:I6) -> 380000 | K6: 30-06-2026
J7: =IF(SUM(D7:I7)=0,"",SUM(D7:I7))
B8: Gangtok | C8: 322000 | D8: 32000 | E8: 27500 | F8: 40000 | G8: 5500 | H8: 10500 | I8: 4500 | J8: =IF(SUM(D8:I8)=0,"",SUM(D8:I8)) -> 120000 | K8: 46227
J9: =IF(SUM(D9:I9)=0,"",SUM(D9:I9))
B10: Gyalshing | C10: 156000 | D10: 13500 | E10: 13500 | F10: 16500 | G10: 2200 | H10: 4800 | I10: 2000 | J10: =IF(SUM(D10:I10)=0,"",SUM(D10:I10)) -> 52500 | K10: 46227
J11: =IF(SUM(D11:I11)=0,"",SUM(D11:I11))
B12: Mangan | C12: 50000 | D12: 5500 | E12: 12000 | F12: 7000 | G12: 900 | H12: 1800 | I12: 800 | J12: =IF(SUM(D12:I12)=0,"",SUM(D12:I12)) -> 28000 | K12: 46227
J13: =IF(SUM(D13:I13)=0,"",SUM(D13:I13))
B14: Namchi | C14: 168000 | D14: 15500 | E14: 8000 | F14: 18500 | G14: 2500 | H14: 5500 | I14: 2500 | J14: =IF(SUM(D14:I14)=0,"",SUM(D14:I14)) -> 52500 | K14: 46227
J15: =IF(SUM(D15:I15)=0,"",SUM(D15:I15))
B16: Pakyong | C16: 85000 | D16: 9000 | E16: 6500 | F16: 10500 | G16: 1500 | H16: 3000 | I16: 1000 | J16: =IF(SUM(D16:I16)=0,"",SUM(D16:I16)) -> 31500 | K16: 46227
J17: =IF(SUM(D17:I17)=0,"",SUM(D17:I17))
B18: Soreng | C18: 74000 | D18: 7500 | E18: 5000 | F18: 8800 | G18: 1200 | H18: 2500 | I18: 1000 | J18: =IF(SUM(D18:I18)=0,"",SUM(D18:I18)) -> 26000 | K18: 46227
J19: =IF(SUM(D19:I19)=0,"",SUM(D19:I19))
J20: =IF(SUM(D20:I20)=0,"",SUM(D20:I20))
J21: =IF(SUM(D21:I21)=0,"",SUM(D21:I21))
J22: =IF(SUM(D22:I22)=0,"",SUM(D22:I22))
J23: =IF(SUM(D23:I23)=0,"",SUM(D23:I23))
J24: =IF(SUM(D24:I24)=0,"",SUM(D24:I24))
J25: =IF(SUM(D25:I25)=0,"",SUM(D25:I25))
B27: STATE TOTAL | C27: =SUM(C6:C25) -> 3355000 | D27: =SUM(D6:D25) -> 263000 | E27: =SUM(E6:E25) -> 162500 | F27: =SUM(F6:F25) -> 161300 | G27: =SUM(G6:G25) -> 28800 | H27: =SUM(H6:H25) -> 53100 | I27: =SUM(I6:I25) -> 21800 | J27: =SUM(J6:J25) -> 690500

Sheet 2_Collection_Log
A2: Collection Log
B3: One row per district. 'Generated' auto-pulls from Sheet 1 by district name - keep district names identical across sheets.
B5: District | C5: Generated (kg) [from Sheet 1] | D5: Collected (kg) | E5: Registered Collection Centers | F5: EPR Collection Target (kg) | G5: EPR Collection Achieved (kg) | H5: Remarks
B6: District A | C6: =IFERROR(INDEX('1_Generation_Inventory'!$J$6:$J$25,MATCH(B6,'1_Generation_Inventory'!$B$6:$B$25,0)),0) -> 380000 | D6: 165000 | E6: 12 | F6: 150000 | G6: 138000 | H6: Formal collection through 12 authorized centers
C7: =IFERROR(INDEX('1_Generation_Inventory'!$J$6:$J$25,MATCH(B7,'1_Generation_Inventory'!$B$6:$B$25,0)),"")
B8: Gangtok | C8: =IFERROR(INDEX('1_Generation_Inventory'!$J$6:$J$25,MATCH(B8,'1_Generation_Inventory'!$B$6:$B$25,0)),"") -> 120000 | D8: 7800 | E8: 2 | F8: 6500 | G8: 5850 | H8: Highest Ewaste generation due to urbanization, goverment offices, educational institutions and commercial establishments
C9: =IFERROR(INDEX('1_Generation_Inventory'!$J$6:$J$25,MATCH(B9,'1_Generation_Inventory'!$B$6:$B$25,0)),"")
B10: Gyalshing | C10: =IFERROR(INDEX('1_Generation_Inventory'!$J$6:$J$25,MATCH(B10,'1_Generation_Inventory'!$B$6:$B$25,0)),"") -> 52500 | D10: 2000 | E10: 1 | F10: 1600 | G10: 1250 | H10: Moderate collection through authorized center
C11: =IFERROR(INDEX('1_Generation_Inventory'!$J$6:$J$25,MATCH(B11,'1_Generation_Inventory'!$B$6:$B$25,0)),"")
B12: Mangan | C12: =IFERROR(INDEX('1_Generation_Inventory'!$J$6:$J$25,MATCH(B12,'1_Generation_Inventory'!$B$6:$B$25,0)),"") -> 28000 | D12: 1600 | E12: 1 | F12: 1300 | G12: 950 | H12: Steady EPR collections
C13: =IFERROR(INDEX('1_Generation_Inventory'!$J$6:$J$25,MATCH(B13,'1_Generation_Inventory'!$B$6:$B$25,0)),"")
B14: Namchi | C14: =IFERROR(INDEX('1_Generation_Inventory'!$J$6:$J$25,MATCH(B14,'1_Generation_Inventory'!$B$6:$B$25,0)),"") -> 52500 | D14: 3100 | E14: 2 | F14: 2500 | G14: 2150 | H14: Rural awareness improving
C15: =IFERROR(INDEX('1_Generation_Inventory'!$J$6:$J$25,MATCH(B15,'1_Generation_Inventory'!$B$6:$B$25,0)),"")
B16: Pakyong | C16: =IFERROR(INDEX('1_Generation_Inventory'!$J$6:$J$25,MATCH(B16,'1_Generation_Inventory'!$B$6:$B$25,0)),"") -> 31500 | D16: 2500 | E16: 1 | F16: 2000 | G16: 1600 | H16: Collection from institutions
C17: =IFERROR(INDEX('1_Generation_Inventory'!$J$6:$J$25,MATCH(B17,'1_Generation_Inventory'!$B$6:$B$25,0)),"")
B18: Soreng | C18: =IFERROR(INDEX('1_Generation_Inventory'!$J$6:$J$25,MATCH(B18,'1_Generation_Inventory'!$B$6:$B$25,0)),"") -> 26000 | D18: 1200 | E18: 1 | F18: 1000 | G18: 700 | H18: Limited but increasing participation
C19: =IFERROR(INDEX('1_Generation_Inventory'!$J$6:$J$25,MATCH(B19,'1_Generation_Inventory'!$B$6:$B$25,0)),"")
C20: =IFERROR(INDEX('1_Generation_Inventory'!$J$6:$J$25,MATCH(B20,'1_Generation_Inventory'!$B$6:$B$25,0)),"")
C21: =IFERROR(INDEX('1_Generation_Inventory'!$J$6:$J$25,MATCH(B21,'1_Generation_Inventory'!$B$6:$B$25,0)),"")
C22: =IFERROR(INDEX('1_Generation_Inventory'!$J$6:$J$25,MATCH(B22,'1_Generation_Inventory'!$B$6:$B$25,0)),"")
C23: =IFERROR(INDEX('1_Generation_Inventory'!$J$6:$J$25,MATCH(B23,'1_Generation_Inventory'!$B$6:$B$25,0)),"")
C24: =IFERROR(INDEX('1_Generation_Inventory'!$J$6:$J$25,MATCH(B24,'1_Generation_Inventory'!$B$6:$B$25,0)),"")
C25: =IFERROR(INDEX('1_Generation_Inventory'!$J$6:$J$25,MATCH(B25,'1_Generation_Inventory'!$B$6:$B$25,0)),"")
B27: STATE TOTAL | C27: =SUM(C6:C25) -> 690500 | D27: =SUM(D6:D25) -> 183200 | E27: =SUM(E6:E25) -> 20 | F27: =SUM(F6:F25) -> 164900 | G27: =SUM(G6:G25) -> 150500

Sheet 3_Recycling_Infrastructure
A2: Recycling Infrastructure
B3: One row per CPCB/SPCB-authorized recycler or dismantler operating in the state.
B5: Recycler / Dismantler Name | C5: CPCB/SPCB Authorization No. | D5: District | E5: Installed Capacity (tonnes/yr) | F5: Quantity Processed This Year (tonnes) | G5: Material Recovery Rate (%) | H5: Authorization Valid Till
B6: GreenTech E-Waste Recyclers Pvt. Ltd. | C6: CPCB/EWM/2019/ST-1234 | D6: District A | E6: 5000 | F6: 3200 | G6: 0.82 | H6: 31-03-2027
B7: Sikkim Eco Dismantlers | C7: SPCB/SKM/EW/2025-001 | D7: Gangtok | E7: 500 | F7: 320 | G7: 0.81 | H7: 31-03-2028
B9: Eastern Recyclers | C9: SPCB/SKM/EW/2025-003 | D9: Namchi | E9: 350 | F9: 210 | G9: 0.79 | H9: 31-03-2029
B11: Himalayan E-Waste Solutions | C11: SPCB/SKM/EW/2025-005 | D11: Pakyong | E11: 250 | F11: 160 | G11: 0.77 | H11: 31-03-2029
B28: STATE TOTAL | D28: =SUM(D6:D26) -> 0 | E28: =SUM(E6:E26) -> 6100 | F28: =IFERROR(AVERAGE(F6:F26),0) -> 972.5

Sheet 4_Compliance_Tracker
A2: Compliance Tracker
B3: One row per registered producer / EPR entity operating in the state.
B5: Producer / EPR Entity | C5: EPR Registration No. | D5: Compliance Status | E5: Inspection Planned (Y/N) | F5: Inspection Conducted (Y/N) | G5: Penalty / Show-Cause Issued (Y/N) | H5: Penalty Resolved (Y/N) | I5: Remarks
B6: ABC Electronics Ltd. | C6: EPR/2024/ST/00456 | D6: Compliant | E6: Yes | F6: Yes | G6: No | H6: N/A | I6: Annual EPR target met (105%)
B7: Samsung India Electronics Pvt. Ltd. | C7: EPR/2024/ST/00457 | D7: Compliant | E7: Yes | F7: Yes | G7: No | H7: N/A | I7: Records verified
B8: LG Electronics India Pvt. Ltd. | C8: EPR/2024/ST/00458 | D8: Compliant | E8: Yes | F8: Yes | G8: No | H8: N/A | I8: EPR target achieved
B9: Dell India Pvt. Ltd. | C9: EPR/2024/ST/00459 | D9: Partially Compliant | E9: Yes | F9: No | G9: No | H9: N/A | I9: Inspection pending
B10: HP India Sales Pvt. Ltd. | C10: EPR/2024/ST/00460 | D10: Compliant | E10: No | F10: No | G10: No | H10: N/A | I10: Due for next cycle
B11: Lenovo India Pvt. Ltd. | C11: EPR/2024/ST/00461 | D11: Non-Compliant | E11: Yes | F11: Yes | G11: Yes | H11: No | I11: Shortfall in collection target
B12: Acer India Pvt. Ltd. | C12: EPR/2024/ST/00462 | D12: Compliant | E12: Yes | F12: Yes | G12: No | H12: N/A | I12: Documentation complete
B13: ASUS India Pvt. Ltd. | C13: EPR/2024/ST/00463 | D13: Partially Compliant | E13: Yes | F13: Yes | G13: Yes | H13: Yes | I13: Show-cause resolved
B14: Apple India Pvt. Ltd. | C14: EPR/2024/ST/00464 | D14: Compliant | E14: No | F14: No | G14: No | H14: N/A | I14: No issues reported
B15: Xiaomi Technology India Pvt. Ltd. | C15: EPR/2024/ST/00465 | D15: Partially Compliant | E15: Yes | F15: No | G15: No | H15: N/A | I15: Awaiting inspection
B16: OnePlus India | C16: EPR/2024/ST/00466 | D16: Compliant | E16: Yes | F16: Yes | G16: No | H16: N/A | I16: Collection target met
... B26: Philips India Ltd. | C26: EPR/2024/ST/00476 | D26: Compliant | E26: Yes | F26: Yes | G26: No | H26: N/A | I26: All requirements fulfilled
B28: Compliant | C28: =COUNTIF(D6:D26,"Compliant") -> 13
B29: Total Registered | C29: =COUNTA(B6:B26) -> 21
B30: Inspections Planned | C30: =COUNTIF(E6:E26,"Yes") -> 17
B31: Inspections Conducted | C31: =COUNTIF(F6:F26,"Yes") -> 13
B32: Penalties Issued | C32: =COUNTIF(G6:G26,"Yes") -> 4
B33: Penalties Resolved | C33: =COUNTIF(H6:H26,"Yes") -> 2

Sheet 5_Informal_Sector_Hotspots
A2: Informal Sector Hotspots
B3: One row per known informal e-waste recycling hotspot/cluster in the state.
B5: Hotspot / Informal Cluster Name | C5: District | D5: Status | E5: Estimated Informal Workers | F5: Workers Registered / Trained | G5: Formalization Action Taken | H5: Remarks
B6: Old Market Scrap Yard | C6: District B | D6: Partially Formalized | E6: 85 | F6: 30 | G6: Registered as authorized collection point; 30 workers trained under skill program | H6: Remediation ongoing
B7: MG Marg Scrap Cluster | C7: Gangtok | D7: Identified | E7: 45 | F7: 18 | G7: Awareness & registration | H7: Under monitoring
B8: Namchi Scrap Market | C8: Namchi | D8: Partially Formalized | E8: 32 | F8: 15 | G8: Training completed | H8: Periodic inspections
B9: Pakyong Repair Cluster | C9: Pakyong | D9: Identified | E9: 20 | F9: 8 | G9: Collection linkage | H9: Needs formal registration
B28: Total Hotspots | C28: =COUNTA(B6:B26) -> 4
B29: Formalized/Remediated | C29: =COUNTIF(D6:D26,"Formalized")+COUNTIF(D6:D26,"Remediated") -> 0
B30: Estimated Workers (Total) | C30: =SUM(E6:E26) -> 182
B31: Workers Registered/Trained (Total) | C31: =SUM(F6:F26) -> 71

Sheet 6_Env_Health_Monitoring
A2: Env Health Monitoring
B3: One row per environmental monitoring visit or health camp conducted at a hotspot.
B5: Site / Hotspot Monitored | C5: District | D5: Monitoring Type | E5: Date | F5: Result | G5: Health Camp Conducted (Y/N) | H5: Beneficiaries Screened | I5: Remarks
B6: Old Market Scrap Yard | C6: District B | D6: Soil + Water | E6: 10-05-2026 | F6: Exceeds Limit (Pb, Cd) | G6: Yes | H6: 210 | I6: Follow-up remediation plan submitted to SPCB
B7: MG Marg Scrap Cluster | C7: Gangtok | D7: Air Quality | E7: 15-06-2026 | F7: Within Limit | G7: Yes | H7: 120 | I7: Routine monitoring
B8: Namchi Scrap Market | C8: Namchi | D8: Soil | E8: 20-06-2026 | F8: Within Limit | G8: No | H8: 0 | I8: No issues observed
B9: Pakyong Repair Cluster | C9: Pakyong | D9: Water | E9: 05-07-2026 | F9: Minor contamination | G9: Yes | H9: 75 | I9: Awareness provided
B28: Distinct Sites Monitored | C28: =SUMPRODUCT((B6:B26<>"")/COUNTIF(B6:B26,B6:B26&"")) -> 4
B29: Health Camps Conducted | C29: =COUNTIF(F6:F26,"Yes") -> 0
B30: Total Beneficiaries Screened | C30: =SUM(G6:G26) -> 0

Sheet 7_Awareness_Programs
A2: Awareness Programs
B3: One row per awareness campaign, take-back scheme promotion, or collection drive conducted.
B5: Program Name | C5: District | D5: Date | E5: Type | F5: Target Audience | G5: Participants Reached
B6: E-Waste Awareness Drive - Schools | C6: District A | D6: 18-04-2026 | E6: School Collection Drive | F6: Students, Grades 6-10 | G6: 1200
B7: Door-to-Door Collection Drive | C7: Gangtok | D7: 12-06-2026 | E7: Collection Drive | F7: Households | G7: 850
B8: College E-Waste Campaign | C8: Namchi | D8: 28-06-2026 | E8: Seminar | F8: College Students | G8: 430
B9: Village Awareness Camp | C9: Soreng | D9: 10-07-2026 | E9: Community Outreach | F9: Residents | G9: 300
B28: Total Programs Conducted | C28: =COUNTA(B6:B26) -> 4
B29: Collection Drives (School+RWA) | C29: =COUNTIF(D6:D26,"School Collection Drive")+COUNTIF(D6:D26,"RWA/Community Drive") -> 0
B30: Total Participants Reached | C30: =SUM(F6:F26) -> 0
